{
    "ds_id": "changdae/llavabench-shift-synthetic-v1",
    "src_ds": "",
    "tar_ds": "",
    "shift_type": "SYNTHETIC",
    "shift_modality": "ALL",
    "v_embedder_name": "openai/clip-vit-base-patch32",
    "t_embedder_name": "xlm-roberta-base",
    "data_rootpath": "data",
    "emb_rootpath": "embeddings",
    "res_rootpath": "results",
    "mi_ckpt_path": "estimator_ckpt/CLUB_global.pt",
    "mi_est_dim": 500,
    "feature_dim": 768,
    "model_name": "llava-v1.6-vicuna-13b",
    "ref_model_name": "gpt4",
    "EMI": {
        "llava_bench_coco": -0.03738516569137573,
        "llava_bench_coco_sr_4": -0.05106141418218613,
        "llava_bench_coco_sr_7": -0.05851732939481735,
        "llava_bench_coco_KeyboardAug_1": -0.0411805585026741,
        "llava_bench_coco_KeyboardAug_3": -0.06595277786254883,
        "llava_bench_coco_defocus_blur_1": -0.04273158311843872,
        "llava_bench_coco_defocus_blur_1_sr_4": -0.05498524010181427,
        "llava_bench_coco_defocus_blur_1_sr_7": -0.06286554038524628,
        "llava_bench_coco_defocus_blur_1_KeyboardAug_1": -0.04169279336929321,
        "llava_bench_coco_defocus_blur_1_KeyboardAug_3": -0.061229899525642395,
        "llava_bench_coco_defocus_blur_3": -0.04014342278242111,
        "llava_bench_coco_defocus_blur_3_sr_4": -0.047781310975551605,
        "llava_bench_coco_defocus_blur_3_sr_7": -0.06328293681144714,
        "llava_bench_coco_defocus_blur_3_KeyboardAug_1": -0.039803408086299896,
        "llava_bench_coco_defocus_blur_3_KeyboardAug_3": -0.06971452385187149,
        "llava_bench_coco_defocus_blur_5": -0.05103667080402374,
        "llava_bench_coco_defocus_blur_5_sr_4": -0.06394301354885101,
        "llava_bench_coco_defocus_blur_5_sr_7": -0.06176792085170746,
        "llava_bench_coco_defocus_blur_5_KeyboardAug_1": -0.06682264059782028,
        "llava_bench_coco_defocus_blur_5_KeyboardAug_3": -0.08070293813943863,
        "llava_bench_coco_frost_1": -0.03618873655796051,
        "llava_bench_coco_frost_1_sr_4": -0.052483320236206055,
        "llava_bench_coco_frost_1_sr_7": -0.0756385549902916,
        "llava_bench_coco_frost_1_KeyboardAug_1": -0.05419764667749405,
        "llava_bench_coco_frost_1_KeyboardAug_3": -0.07412838190793991,
        "llava_bench_coco_frost_3": -0.0461387112736702,
        "llava_bench_coco_frost_3_sr_4": -0.06443928182125092,
        "llava_bench_coco_frost_3_sr_7": -0.06395573168992996,
        "llava_bench_coco_frost_3_KeyboardAug_1": -0.048484086990356445,
        "llava_bench_coco_frost_3_KeyboardAug_3": -0.07287322357296944,
        "llava_bench_coco_frost_5": -0.044142186641693115,
        "llava_bench_coco_frost_5_sr_4": -0.050195932388305664,
        "llava_bench_coco_frost_5_sr_7": -0.06644278764724731,
        "llava_bench_coco_frost_5_KeyboardAug_1": -0.05134190618991852,
        "llava_bench_coco_frost_5_KeyboardAug_3": -0.06578553095459938
    },
    "EMID": {
        "llava_bench_coco_sr_4": 0.013676248490810394,
        "llava_bench_coco_sr_7": 0.02113216370344162,
        "llava_bench_coco_KeyboardAug_1": 0.0037953928112983704,
        "llava_bench_coco_KeyboardAug_3": 0.028567612171173096,
        "llava_bench_coco_defocus_blur_1": 0.005346417427062988,
        "llava_bench_coco_defocus_blur_1_sr_4": 0.017600074410438538,
        "llava_bench_coco_defocus_blur_1_sr_7": 0.025480374693870544,
        "llava_bench_coco_defocus_blur_1_KeyboardAug_1": 0.0043076276779174805,
        "llava_bench_coco_defocus_blur_1_KeyboardAug_3": 0.023844733834266663,
        "llava_bench_coco_defocus_blur_3": 0.0027582570910453796,
        "llava_bench_coco_defocus_blur_3_sr_4": 0.010396145284175873,
        "llava_bench_coco_defocus_blur_3_sr_7": 0.02589777112007141,
        "llava_bench_coco_defocus_blur_3_KeyboardAug_1": 0.002418242394924164,
        "llava_bench_coco_defocus_blur_3_KeyboardAug_3": 0.03232935816049576,
        "llava_bench_coco_defocus_blur_5": 0.01365150511264801,
        "llava_bench_coco_defocus_blur_5_sr_4": 0.02655784785747528,
        "llava_bench_coco_defocus_blur_5_sr_7": 0.024382755160331726,
        "llava_bench_coco_defocus_blur_5_KeyboardAug_1": 0.02943747490644455,
        "llava_bench_coco_defocus_blur_5_KeyboardAug_3": 0.0433177724480629,
        "llava_bench_coco_frost_1": -0.0011964291334152222,
        "llava_bench_coco_frost_1_sr_4": 0.015098154544830322,
        "llava_bench_coco_frost_1_sr_7": 0.03825338929891586,
        "llava_bench_coco_frost_1_KeyboardAug_1": 0.016812480986118317,
        "llava_bench_coco_frost_1_KeyboardAug_3": 0.03674321621656418,
        "llava_bench_coco_frost_3": 0.008753545582294464,
        "llava_bench_coco_frost_3_sr_4": 0.027054116129875183,
        "llava_bench_coco_frost_3_sr_7": 0.02657056599855423,
        "llava_bench_coco_frost_3_KeyboardAug_1": 0.011098921298980713,
        "llava_bench_coco_frost_3_KeyboardAug_3": 0.035488057881593704,
        "llava_bench_coco_frost_5": 0.006757020950317383,
        "llava_bench_coco_frost_5_sr_4": 0.012810766696929932,
        "llava_bench_coco_frost_5_sr_7": 0.029057621955871582,
        "llava_bench_coco_frost_5_KeyboardAug_1": 0.013956740498542786,
        "llava_bench_coco_frost_5_KeyboardAug_3": 0.028400365263223648
    },
    "EMID_UB": {
        "llava_bench_coco_sr_4": 1.4080657706227053,
        "llava_bench_coco_sr_7": 1.4428947457334529,
        "llava_bench_coco_KeyboardAug_1": 1.372694119546042,
        "llava_bench_coco_KeyboardAug_3": 1.5181867412793706,
        "llava_bench_coco_defocus_blur_1": 1.1485765185985843,
        "llava_bench_coco_defocus_blur_1_sr_4": 1.510608860219821,
        "llava_bench_coco_defocus_blur_1_sr_7": 1.5528443782167307,
        "llava_bench_coco_defocus_blur_1_KeyboardAug_1": 1.47999138654183,
        "llava_bench_coco_defocus_blur_1_KeyboardAug_3": 1.619402782710487,
        "llava_bench_coco_defocus_blur_3": 1.228321828227051,
        "llava_bench_coco_defocus_blur_3_sr_4": 1.5941705453620458,
        "llava_bench_coco_defocus_blur_3_sr_7": 1.6394128549369618,
        "llava_bench_coco_defocus_blur_3_KeyboardAug_1": 1.556391921387636,
        "llava_bench_coco_defocus_blur_3_KeyboardAug_3": 1.7160526983722257,
        "llava_bench_coco_defocus_blur_5": 1.290496095424503,
        "llava_bench_coco_defocus_blur_5_sr_4": 1.664592814786637,
        "llava_bench_coco_defocus_blur_5_sr_7": 1.7078151573047369,
        "llava_bench_coco_defocus_blur_5_KeyboardAug_1": 1.635289909206218,
        "llava_bench_coco_defocus_blur_5_KeyboardAug_3": 1.7888751217942982,
        "llava_bench_coco_frost_1": 1.236097015189784,
        "llava_bench_coco_frost_1_sr_4": 1.5957128270110543,
        "llava_bench_coco_frost_1_sr_7": 1.6447373012783744,
        "llava_bench_coco_frost_1_KeyboardAug_1": 1.5710528064360898,
        "llava_bench_coco_frost_1_KeyboardAug_3": 1.7151073307663383,
        "llava_bench_coco_frost_3": 1.3158632162449597,
        "llava_bench_coco_frost_3_sr_4": 1.6866666374167263,
        "llava_bench_coco_frost_3_sr_7": 1.718653825153293,
        "llava_bench_coco_frost_3_KeyboardAug_1": 1.6493884053727386,
        "llava_bench_coco_frost_3_KeyboardAug_3": 1.7973381567380935,
        "llava_bench_coco_frost_5": 1.3499614788539573,
        "llava_bench_coco_frost_5_sr_4": 1.7191765895393218,
        "llava_bench_coco_frost_5_sr_7": 1.7617314040706955,
        "llava_bench_coco_frost_5_KeyboardAug_1": 1.6875134810507313,
        "llava_bench_coco_frost_5_KeyboardAug_3": 1.8369467479489812
    },
    "PearsonR": 0.7392559451556272,
    "PearsonPval": 5.920687998826629e-07
}