{
    "ds_id": "changdae/llavabench-shift-synthetic-v1",
    "src_ds": "",
    "tar_ds": "",
    "shift_type": "SYNTHETIC",
    "shift_modality": "ALL",
    "v_embedder_name": "openai/clip-vit-base-patch32",
    "t_embedder_name": "xlm-roberta-base",
    "data_rootpath": "data",
    "emb_rootpath": "embeddings",
    "res_rootpath": "results",
    "mi_ckpt_path": "estimator_ckpt/CLUB_global.pt",
    "mi_est_dim": 500,
    "feature_dim": 768,
    "model_name": "llava-v1.5-13b",
    "ref_model_name": "gpt4",
    "EMI": {
        "llava_bench_coco": 0.003069162368774414,
        "llava_bench_coco_sr_4": -0.0023798346519470215,
        "llava_bench_coco_sr_7": -0.004927128553390503,
        "llava_bench_coco_KeyboardAug_1": 0.0036217719316482544,
        "llava_bench_coco_KeyboardAug_3": -0.001126706600189209,
        "llava_bench_coco_defocus_blur_1": 0.007449939846992493,
        "llava_bench_coco_defocus_blur_1_sr_4": -0.0013225823640823364,
        "llava_bench_coco_defocus_blur_1_sr_7": -0.005934387445449829,
        "llava_bench_coco_defocus_blur_1_KeyboardAug_1": 0.001341491937637329,
        "llava_bench_coco_defocus_blur_1_KeyboardAug_3": -0.0026185214519500732,
        "llava_bench_coco_defocus_blur_3": 0.007520437240600586,
        "llava_bench_coco_defocus_blur_3_sr_4": 0.0018381178379058838,
        "llava_bench_coco_defocus_blur_3_sr_7": -0.010652884840965271,
        "llava_bench_coco_defocus_blur_3_KeyboardAug_1": 0.0007031261920928955,
        "llava_bench_coco_defocus_blur_3_KeyboardAug_3": -0.0020470470190048218,
        "llava_bench_coco_defocus_blur_5": 0.0033875703811645508,
        "llava_bench_coco_defocus_blur_5_sr_4": 0.0009553432464599609,
        "llava_bench_coco_defocus_blur_5_sr_7": -0.012183919548988342,
        "llava_bench_coco_defocus_blur_5_KeyboardAug_1": 0.004787728190422058,
        "llava_bench_coco_defocus_blur_5_KeyboardAug_3": 0.0009608566761016846,
        "llava_bench_coco_frost_1": 0.005693644285202026,
        "llava_bench_coco_frost_1_sr_4": 0.003643035888671875,
        "llava_bench_coco_frost_1_sr_7": -0.014684468507766724,
        "llava_bench_coco_frost_1_KeyboardAug_1": -0.001145675778388977,
        "llava_bench_coco_frost_1_KeyboardAug_3": -0.0010733678936958313,
        "llava_bench_coco_frost_3": 0.0040614306926727295,
        "llava_bench_coco_frost_3_sr_4": -0.003654077649116516,
        "llava_bench_coco_frost_3_sr_7": -0.009043768048286438,
        "llava_bench_coco_frost_3_KeyboardAug_1": 0.0019004344940185547,
        "llava_bench_coco_frost_3_KeyboardAug_3": -0.0026513487100601196,
        "llava_bench_coco_frost_5": 0.006698325276374817,
        "llava_bench_coco_frost_5_sr_4": -0.0038667619228363037,
        "llava_bench_coco_frost_5_sr_7": -0.010117024183273315,
        "llava_bench_coco_frost_5_KeyboardAug_1": -4.0337443351745605e-05,
        "llava_bench_coco_frost_5_KeyboardAug_3": 0.0007885396480560303
    },
    "EMID": {
        "llava_bench_coco_sr_4": 0.0054489970207214355,
        "llava_bench_coco_sr_7": 0.007996290922164917,
        "llava_bench_coco_KeyboardAug_1": -0.0005526095628738403,
        "llava_bench_coco_KeyboardAug_3": 0.004195868968963623,
        "llava_bench_coco_defocus_blur_1": -0.004380777478218079,
        "llava_bench_coco_defocus_blur_1_sr_4": 0.0043917447328567505,
        "llava_bench_coco_defocus_blur_1_sr_7": 0.009003549814224243,
        "llava_bench_coco_defocus_blur_1_KeyboardAug_1": 0.001727670431137085,
        "llava_bench_coco_defocus_blur_1_KeyboardAug_3": 0.005687683820724487,
        "llava_bench_coco_defocus_blur_3": -0.004451274871826172,
        "llava_bench_coco_defocus_blur_3_sr_4": 0.0012310445308685303,
        "llava_bench_coco_defocus_blur_3_sr_7": 0.013722047209739685,
        "llava_bench_coco_defocus_blur_3_KeyboardAug_1": 0.0023660361766815186,
        "llava_bench_coco_defocus_blur_3_KeyboardAug_3": 0.005116209387779236,
        "llava_bench_coco_defocus_blur_5": -0.0003184080123901367,
        "llava_bench_coco_defocus_blur_5_sr_4": 0.002113819122314453,
        "llava_bench_coco_defocus_blur_5_sr_7": 0.015253081917762756,
        "llava_bench_coco_defocus_blur_5_KeyboardAug_1": -0.001718565821647644,
        "llava_bench_coco_defocus_blur_5_KeyboardAug_3": 0.0021083056926727295,
        "llava_bench_coco_frost_1": -0.0026244819164276123,
        "llava_bench_coco_frost_1_sr_4": -0.0005738735198974609,
        "llava_bench_coco_frost_1_sr_7": 0.017753630876541138,
        "llava_bench_coco_frost_1_KeyboardAug_1": 0.004214838147163391,
        "llava_bench_coco_frost_1_KeyboardAug_3": 0.004142530262470245,
        "llava_bench_coco_frost_3": -0.0009922683238983154,
        "llava_bench_coco_frost_3_sr_4": 0.00672324001789093,
        "llava_bench_coco_frost_3_sr_7": 0.012112930417060852,
        "llava_bench_coco_frost_3_KeyboardAug_1": 0.0011687278747558594,
        "llava_bench_coco_frost_3_KeyboardAug_3": 0.005720511078834534,
        "llava_bench_coco_frost_5": -0.003629162907600403,
        "llava_bench_coco_frost_5_sr_4": 0.006935924291610718,
        "llava_bench_coco_frost_5_sr_7": 0.01318618655204773,
        "llava_bench_coco_frost_5_KeyboardAug_1": 0.0031094998121261597,
        "llava_bench_coco_frost_5_KeyboardAug_3": 0.002280622720718384
    },
    "EMID_UB": {
        "llava_bench_coco_sr_4": 1.3049304995681172,
        "llava_bench_coco_sr_7": 1.3512828645080264,
        "llava_bench_coco_KeyboardAug_1": 1.270304753325057,
        "llava_bench_coco_KeyboardAug_3": 1.415292549760264,
        "llava_bench_coco_defocus_blur_1": 1.0457187230564418,
        "llava_bench_coco_defocus_blur_1_sr_4": 1.4129242635631862,
        "llava_bench_coco_defocus_blur_1_sr_7": 1.4572940644802161,
        "llava_bench_coco_defocus_blur_1_KeyboardAug_1": 1.3766058994594634,
        "llava_bench_coco_defocus_blur_1_KeyboardAug_3": 1.5211689741517054,
        "llava_bench_coco_defocus_blur_3": 1.1315558756736366,
        "llava_bench_coco_defocus_blur_3_sr_4": 1.498291039330394,
        "llava_bench_coco_defocus_blur_3_sr_7": 1.5448911834571675,
        "llava_bench_coco_defocus_blur_3_KeyboardAug_1": 1.4602713853709859,
        "llava_bench_coco_defocus_blur_3_KeyboardAug_3": 1.6074615070499239,
        "llava_bench_coco_defocus_blur_5": 1.1930452289845985,
        "llava_bench_coco_defocus_blur_5_sr_4": 1.5633019121124807,
        "llava_bench_coco_defocus_blur_5_sr_7": 1.6106188460698718,
        "llava_bench_coco_defocus_blur_5_KeyboardAug_1": 1.5318072747408693,
        "llava_bench_coco_defocus_blur_5_KeyboardAug_3": 1.673400154806767,
        "llava_bench_coco_frost_1": 1.1305620233175169,
        "llava_bench_coco_frost_1_sr_4": 1.5003538373426073,
        "llava_bench_coco_frost_1_sr_7": 1.5413012092878215,
        "llava_bench_coco_frost_1_KeyboardAug_1": 1.4664521321608008,
        "llava_bench_coco_frost_1_KeyboardAug_3": 1.6071252192307668,
        "llava_bench_coco_frost_3": 1.2150218659613907,
        "llava_bench_coco_frost_3_sr_4": 1.5790305280716477,
        "llava_bench_coco_frost_3_sr_7": 1.6252692730673646,
        "llava_bench_coco_frost_3_KeyboardAug_1": 1.547658199742269,
        "llava_bench_coco_frost_3_KeyboardAug_3": 1.6923038465974591,
        "llava_bench_coco_frost_5": 1.250251319898458,
        "llava_bench_coco_frost_5_sr_4": 1.617869369836879,
        "llava_bench_coco_frost_5_sr_7": 1.6673328012915456,
        "llava_bench_coco_frost_5_KeyboardAug_1": 1.5823444459091798,
        "llava_bench_coco_frost_5_KeyboardAug_3": 1.7270054983022889
    },
    "PearsonR": 0.5792786450636366,
    "PearsonPval": 0.00033099934709849356
}