{
    "ds_id": "changdae/llavabench-shift-natural-v1",
    "src_ds": "",
    "tar_ds": "",
    "shift_type": "NATURAL",
    "shift_modality": "ALL",
    "v_embedder_name": "openai/clip-vit-base-patch32",
    "t_embedder_name": "xlm-roberta-base",
    "data_rootpath": "data",
    "emb_rootpath": "embeddings",
    "res_rootpath": "results",
    "mi_ckpt_path": "estimator_ckpt/CLUB_global.pt",
    "mi_est_dim": 500,
    "feature_dim": 768,
    "model_name": "llava-v1.6-vicuna-13b",
    "ref_model_name": "gpt4",
    "EMI": {
        "llava_bench_coco_English": -0.03738516569137573,
        "llava_bench_coco_German": -0.015724502503871918,
        "llava_bench_coco_Chinese": 0.00030231475830078125,
        "llava_bench_coco_Korean": -0.01525832712650299,
        "llava_bench_coco_Greek": -0.020612671971321106,
        "llava_bench_coco_Arabic": -0.03415165841579437,
        "llava_bench_coco_Hindi": -0.013148672878742218,
        "llava_bench_in_the_wild_easy_English": -0.1126294881105423,
        "llava_bench_in_the_wild_easy_German": -0.08866347372531891,
        "llava_bench_in_the_wild_easy_Chinese": -0.1615893393754959,
        "llava_bench_in_the_wild_easy_Korean": -0.12502290308475494,
        "llava_bench_in_the_wild_easy_Greek": -0.13345763087272644,
        "llava_bench_in_the_wild_easy_Arabic": -0.09601840376853943,
        "llava_bench_in_the_wild_easy_Hindi": -0.09461316466331482,
        "llava_bench_in_the_wild_normal_English": -0.13726171851158142,
        "llava_bench_in_the_wild_normal_German": -0.10828544199466705,
        "llava_bench_in_the_wild_normal_Chinese": -0.1396949291229248,
        "llava_bench_in_the_wild_normal_Korean": -0.13967522978782654,
        "llava_bench_in_the_wild_normal_Greek": -0.14697584509849548,
        "llava_bench_in_the_wild_normal_Arabic": -0.11720794439315796,
        "llava_bench_in_the_wild_normal_Hindi": -0.11404713988304138,
        "llava_bench_in_the_wild_hard_English": -0.15529409050941467,
        "llava_bench_in_the_wild_hard_German": -0.1216503232717514,
        "llava_bench_in_the_wild_hard_Chinese": -0.10921214520931244,
        "llava_bench_in_the_wild_hard_Korean": -0.14602859318256378,
        "llava_bench_in_the_wild_hard_Greek": -0.15448054671287537,
        "llava_bench_in_the_wild_hard_Arabic": -0.13169905543327332,
        "llava_bench_in_the_wild_hard_Hindi": -0.1285901814699173
    },
    "EMID": {
        "llava_bench_coco_German": -0.021660663187503815,
        "llava_bench_coco_Chinese": -0.037687480449676514,
        "llava_bench_coco_Korean": -0.02212683856487274,
        "llava_bench_coco_Greek": -0.016772493720054626,
        "llava_bench_coco_Arabic": -0.00323350727558136,
        "llava_bench_coco_Hindi": -0.024236492812633514,
        "llava_bench_in_the_wild_easy_English": 0.07524432241916656,
        "llava_bench_in_the_wild_easy_German": 0.051278308033943176,
        "llava_bench_in_the_wild_easy_Chinese": 0.12420417368412018,
        "llava_bench_in_the_wild_easy_Korean": 0.08763773739337921,
        "llava_bench_in_the_wild_easy_Greek": 0.09607246518135071,
        "llava_bench_in_the_wild_easy_Arabic": 0.058633238077163696,
        "llava_bench_in_the_wild_easy_Hindi": 0.05722799897193909,
        "llava_bench_in_the_wild_normal_English": 0.09987655282020569,
        "llava_bench_in_the_wild_normal_German": 0.07090027630329132,
        "llava_bench_in_the_wild_normal_Chinese": 0.10230976343154907,
        "llava_bench_in_the_wild_normal_Korean": 0.1022900640964508,
        "llava_bench_in_the_wild_normal_Greek": 0.10959067940711975,
        "llava_bench_in_the_wild_normal_Arabic": 0.07982277870178223,
        "llava_bench_in_the_wild_normal_Hindi": 0.07666197419166565,
        "llava_bench_in_the_wild_hard_English": 0.11790892481803894,
        "llava_bench_in_the_wild_hard_German": 0.08426515758037567,
        "llava_bench_in_the_wild_hard_Chinese": 0.0718269795179367,
        "llava_bench_in_the_wild_hard_Korean": 0.10864342749118805,
        "llava_bench_in_the_wild_hard_Greek": 0.11709538102149963,
        "llava_bench_in_the_wild_hard_Arabic": 0.09431388974189758,
        "llava_bench_in_the_wild_hard_Hindi": 0.09120501577854156
    },
    "EMID_UB": {
        "llava_bench_coco_German": 1.6949374043525218,
        "llava_bench_coco_Chinese": 1.7540258633859462,
        "llava_bench_coco_Korean": 1.7677042401059073,
        "llava_bench_coco_Greek": 1.8055531380591425,
        "llava_bench_coco_Arabic": 1.7983965355294793,
        "llava_bench_coco_Hindi": 1.8446763248577636,
        "llava_bench_in_the_wild_easy_English": 1.8481166918037717,
        "llava_bench_in_the_wild_easy_German": 2.110548341455791,
        "llava_bench_in_the_wild_easy_Chinese": 2.2399574686656614,
        "llava_bench_in_the_wild_easy_Korean": 2.185470001547392,
        "llava_bench_in_the_wild_easy_Greek": 2.243902724387811,
        "llava_bench_in_the_wild_easy_Arabic": 2.211943106608202,
        "llava_bench_in_the_wild_easy_Hindi": 2.2496210461560286,
        "llava_bench_in_the_wild_normal_English": 1.769778110503027,
        "llava_bench_in_the_wild_normal_German": 2.0437363640301394,
        "llava_bench_in_the_wild_normal_Chinese": 2.165226291276695,
        "llava_bench_in_the_wild_normal_Korean": 2.127075653586321,
        "llava_bench_in_the_wild_normal_Greek": 2.1696786536500623,
        "llava_bench_in_the_wild_normal_Arabic": 2.147034171693692,
        "llava_bench_in_the_wild_normal_Hindi": 2.1507700945225983,
        "llava_bench_in_the_wild_hard_English": 1.8249458268428624,
        "llava_bench_in_the_wild_hard_German": 2.078047133660268,
        "llava_bench_in_the_wild_hard_Chinese": 2.1992910405072648,
        "llava_bench_in_the_wild_hard_Korean": 2.18299596923639,
        "llava_bench_in_the_wild_hard_Greek": 2.18676639283459,
        "llava_bench_in_the_wild_hard_Arabic": 2.191467207552336,
        "llava_bench_in_the_wild_hard_Hindi": 2.18568329834397
    },
    "PearsonR": 0.6886720791273666,
    "PearsonPval": 7.141163857455791e-05
}