{
    "ds_id": "changdae/llavabench-shift-natural-v1",
    "src_ds": "",
    "tar_ds": "",
    "shift_type": "NATURAL",
    "shift_modality": "ALL",
    "v_embedder_name": "openai/clip-vit-base-patch32",
    "t_embedder_name": "xlm-roberta-base",
    "data_rootpath": "data",
    "emb_rootpath": "embeddings",
    "res_rootpath": "results",
    "mi_ckpt_path": "estimator_ckpt/CLUB_global.pt",
    "mi_est_dim": 500,
    "feature_dim": 768,
    "model_name": "llava-v1.5-13b",
    "ref_model_name": "gpt4",
    "EMI": {
        "llava_bench_coco_English": 0.003069162368774414,
        "llava_bench_coco_German": -0.00769612193107605,
        "llava_bench_coco_Chinese": 0.003000497817993164,
        "llava_bench_coco_Korean": -0.0014706701040267944,
        "llava_bench_coco_Greek": -0.004065871238708496,
        "llava_bench_coco_Arabic": -0.006279326975345612,
        "llava_bench_coco_Hindi": 0.01036369800567627,
        "llava_bench_in_the_wild_easy_English": -0.07189521193504333,
        "llava_bench_in_the_wild_easy_German": -0.08620360493659973,
        "llava_bench_in_the_wild_easy_Chinese": -0.1625111848115921,
        "llava_bench_in_the_wild_easy_Korean": -0.13086135685443878,
        "llava_bench_in_the_wild_easy_Greek": -0.10513781011104584,
        "llava_bench_in_the_wild_easy_Arabic": -0.11820316314697266,
        "llava_bench_in_the_wild_easy_Hindi": -0.144883930683136,
        "llava_bench_in_the_wild_normal_English": -0.08182671666145325,
        "llava_bench_in_the_wild_normal_German": -0.08766710758209229,
        "llava_bench_in_the_wild_normal_Chinese": -0.14379285275936127,
        "llava_bench_in_the_wild_normal_Korean": -0.12813027203083038,
        "llava_bench_in_the_wild_normal_Greek": -0.11072835326194763,
        "llava_bench_in_the_wild_normal_Arabic": -0.11097471415996552,
        "llava_bench_in_the_wild_normal_Hindi": -0.12902629375457764,
        "llava_bench_in_the_wild_hard_English": -0.08423236012458801,
        "llava_bench_in_the_wild_hard_German": -0.08059756457805634,
        "llava_bench_in_the_wild_hard_Chinese": -0.11447975039482117,
        "llava_bench_in_the_wild_hard_Korean": -0.11464707553386688,
        "llava_bench_in_the_wild_hard_Greek": -0.10956902801990509,
        "llava_bench_in_the_wild_hard_Arabic": -0.09552177786827087,
        "llava_bench_in_the_wild_hard_Hindi": -0.09952475130558014
    },
    "EMID": {
        "llava_bench_coco_German": 0.010765284299850464,
        "llava_bench_coco_Chinese": 6.866455078125e-05,
        "llava_bench_coco_Korean": 0.0045398324728012085,
        "llava_bench_coco_Greek": 0.00713503360748291,
        "llava_bench_coco_Arabic": 0.009348489344120026,
        "llava_bench_coco_Hindi": -0.0072945356369018555,
        "llava_bench_in_the_wild_easy_English": 0.07496437430381775,
        "llava_bench_in_the_wild_easy_German": 0.08927276730537415,
        "llava_bench_in_the_wild_easy_Chinese": 0.16558034718036652,
        "llava_bench_in_the_wild_easy_Korean": 0.1339305192232132,
        "llava_bench_in_the_wild_easy_Greek": 0.10820697247982025,
        "llava_bench_in_the_wild_easy_Arabic": 0.12127232551574707,
        "llava_bench_in_the_wild_easy_Hindi": 0.1479530930519104,
        "llava_bench_in_the_wild_normal_English": 0.08489587903022766,
        "llava_bench_in_the_wild_normal_German": 0.0907362699508667,
        "llava_bench_in_the_wild_normal_Chinese": 0.14686201512813568,
        "llava_bench_in_the_wild_normal_Korean": 0.1311994343996048,
        "llava_bench_in_the_wild_normal_Greek": 0.11379751563072205,
        "llava_bench_in_the_wild_normal_Arabic": 0.11404387652873993,
        "llava_bench_in_the_wild_normal_Hindi": 0.13209545612335205,
        "llava_bench_in_the_wild_hard_English": 0.08730152249336243,
        "llava_bench_in_the_wild_hard_German": 0.08366672694683075,
        "llava_bench_in_the_wild_hard_Chinese": 0.11754891276359558,
        "llava_bench_in_the_wild_hard_Korean": 0.1177162379026413,
        "llava_bench_in_the_wild_hard_Greek": 0.1126381903886795,
        "llava_bench_in_the_wild_hard_Arabic": 0.09859094023704529,
        "llava_bench_in_the_wild_hard_Hindi": 0.10259391367435455
    },
    "EMID_UB": {
        "llava_bench_coco_German": 1.6463048931684154,
        "llava_bench_coco_Chinese": 1.6839692836777074,
        "llava_bench_coco_Korean": 1.6887306236605995,
        "llava_bench_coco_Greek": 1.7181396753891423,
        "llava_bench_coco_Arabic": 1.7099708615916498,
        "llava_bench_coco_Hindi": 1.7134327683358979,
        "llava_bench_in_the_wild_easy_English": 1.7802320541283643,
        "llava_bench_in_the_wild_easy_German": 2.0724365243575216,
        "llava_bench_in_the_wild_easy_Chinese": 2.1652749543515215,
        "llava_bench_in_the_wild_easy_Korean": 2.16489088763769,
        "llava_bench_in_the_wild_easy_Greek": 2.161133344307488,
        "llava_bench_in_the_wild_easy_Arabic": 2.1692052253796748,
        "llava_bench_in_the_wild_easy_Hindi": 2.2121767283845712,
        "llava_bench_in_the_wild_normal_English": 1.691725544951664,
        "llava_bench_in_the_wild_normal_German": 1.9931776009445437,
        "llava_bench_in_the_wild_normal_Chinese": 2.0822620849299818,
        "llava_bench_in_the_wild_normal_Korean": 2.086296989327326,
        "llava_bench_in_the_wild_normal_Greek": 2.095820458493822,
        "llava_bench_in_the_wild_normal_Arabic": 2.0904330691630353,
        "llava_bench_in_the_wild_normal_Hindi": 2.1082008680592654,
        "llava_bench_in_the_wild_hard_English": 1.7470055609792714,
        "llava_bench_in_the_wild_hard_German": 2.020190578577013,
        "llava_bench_in_the_wild_hard_Chinese": 2.1114288809254775,
        "llava_bench_in_the_wild_hard_Korean": 2.123752614397132,
        "llava_bench_in_the_wild_hard_Greek": 2.1277918853604243,
        "llava_bench_in_the_wild_hard_Arabic": 2.121623985499394,
        "llava_bench_in_the_wild_hard_Hindi": 2.138762503553841
    },
    "PearsonR": 0.876273484894562,
    "PearsonPval": 2.104900019331642e-09
}